row_id,category,dt,dx,dy,dz,dt_abs,r,s2,interval_class,dt_dir,axis,r_mult,mean_l_AA,mean_l_AB,mean_l_BA,mean_l_BB,mean_gap_A,mean_gap_B,mean_p_A_B,mean_p_B_A,frac_AB_lt_AA,frac_BA_lt_BB,frac_AB_lt_0,frac_BA_lt_0
0,baseline,0.0,0.0,0.0,0.0,0.0,0.0,0.0,null,simultaneous,,,-45.75153904838305,-45.751539048383066,-45.751539048383066,-45.751539048383066,0.0,0.0,0.5,0.5,0.0,0.0,1.0,1.0
1,space_only,0.0,-8.0,0.0,0.0,0.0,8.0,-64.0,spacelike,simultaneous,x,,-45.75153904838305,-45.74871792758068,-45.74851768370938,-45.751539048383066,0.002821120802362964,0.0030213646736805266,0.5007052795763105,0.5007553404412041,0.0,0.0,1.0,1.0
2,space_only,0.0,8.0,0.0,0.0,0.0,8.0,-64.0,spacelike,simultaneous,x,,-45.75153904838305,-45.74851768370938,-45.74871792758067,-45.751539048383066,0.003021364673680582,0.0028211208023635748,0.5007553404412041,0.5007052795763107,0.0,0.0,1.0,1.0
3,space_only,0.0,0.0,-8.0,0.0,0.0,8.0,-64.0,spacelike,simultaneous,y,,-45.75153904838305,-45.74863487768087,-45.74860325196194,-45.751539048383066,0.0029041707021492114,0.002935796421107306,0.5007260420262339,0.5007339484183737,0.0,0.0,1.0,1.0
4,space_only,0.0,0.0,8.0,0.0,0.0,8.0,-64.0,spacelike,simultaneous,y,,-45.75153904838305,-45.74860325196194,-45.74863487768087,-45.751539048383066,0.0029357964211065846,0.0029041707021496554,0.5007339484183735,0.5007260420262342,0.0,0.0,1.0,1.0
5,space_only,0.0,0.0,0.0,-8.0,0.0,8.0,-64.0,spacelike,simultaneous,z,,-45.75153904838305,-45.74873271520362,-45.748555893855574,-45.751539048383066,0.0028063331794183077,0.0029831545274807136,0.5007015826444913,0.5007457878608715,0.0,0.0,1.0,1.0
6,space_only,0.0,0.0,0.0,8.0,0.0,8.0,-64.0,spacelike,simultaneous,z,,-45.75153904838305,-45.748555893855574,-45.74873271520362,-45.751539048383066,0.0029831545274802695,0.0028063331794184743,0.5007457878608714,0.5007015826444915,0.0,0.0,1.0,1.0
7,space_only,0.0,-16.0,0.0,0.0,0.0,16.0,-256.0,spacelike,simultaneous,x,,-45.75153904838305,-45.74006430754443,-45.73966407553355,-45.751539048383066,0.011474740838610609,0.011874972849508392,0.5028686463796598,0.502968701158339,0.0,0.0,1.0,1.0
8,space_only,0.0,16.0,0.0,0.0,0.0,16.0,-256.0,spacelike,simultaneous,x,,-45.75153904838305,-45.73966407553355,-45.74006430754443,-45.751539048383066,0.01187497284950817,0.01147474083861072,0.5029687011583389,0.5028686463796598,0.0,0.0,1.0,1.0
9,space_only,0.0,0.0,-16.0,0.0,0.0,16.0,-256.0,spacelike,simultaneous,y,,-45.75153904838305,-45.7399009488437,-45.739837676940795,-45.751539048383066,0.011638099539363178,0.011701371442270347,0.5029094859601726,0.5029253028308599,0.0,0.0,1.0,1.0
10,space_only,0.0,0.0,16.0,0.0,0.0,16.0,-256.0,spacelike,simultaneous,y,,-45.75153904838305,-45.739837676940795,-45.7399009488437,-45.751539048383066,0.011701371442270125,0.011638099539363567,0.50292530283086,0.5029094859601729,0.0,0.0,1.0,1.0
11,space_only,0.0,0.0,0.0,-16.0,0.0,16.0,-256.0,spacelike,simultaneous,z,,-45.75153904838305,-45.74014670400865,-45.73979370424107,-45.751539048383066,0.011392344374410668,0.011745344141996406,0.5028480475161512,0.5029362936367583,0.0,0.0,1.0,1.0
12,space_only,0.0,0.0,0.0,16.0,0.0,16.0,-256.0,spacelike,simultaneous,z,,-45.75153904838305,-45.73979370424106,-45.74014670400865,-45.751539048383066,0.011745344141996406,0.011392344374411112,0.5029362936367581,0.5028480475161511,0.0,0.0,1.0,1.0
13,space_only,0.0,-32.0,0.0,0.0,0.0,32.0,-1024.0,spacelike,simultaneous,x,,-45.75153904838305,-45.70540028500786,-45.7046018615789,-45.751539048383066,0.04613876337519934,0.046937186804176134,0.5115322246048051,0.5117317285857889,0.0,0.0,1.0,1.0
14,space_only,0.0,32.0,0.0,0.0,0.0,32.0,-1024.0,spacelike,simultaneous,x,,-45.75153904838305,-45.7046018615789,-45.70540028500786,-45.751539048383066,0.046937186804176245,0.046138763375198844,0.5117317285857889,0.511532224604805,0.0,0.0,1.0,1.0
15,space_only,0.0,0.0,-32.0,0.0,0.0,32.0,-1024.0,spacelike,simultaneous,y,,-45.75153904838305,-45.705086261855286,-45.704959555290955,-45.751539048383066,0.04645278652775692,0.046579493092100244,0.5116107652633304,0.511642407586268,0.0,0.0,1.0,1.0
16,space_only,0.0,0.0,32.0,0.0,0.0,32.0,-1024.0,spacelike,simultaneous,y,,-45.75153904838305,-45.70495955529096,-45.705086261855286,-45.751539048383066,0.0465794930920998,0.046452786527757195,0.5116424075862679,0.5116107652633306,0.0,0.0,1.0,1.0
17,space_only,0.0,0.0,0.0,-32.0,0.0,32.0,-1024.0,spacelike,simultaneous,z,,-45.75153904838305,-45.705775830354995,-45.70507495902796,-45.751539048383066,0.04576321802803973,0.04646408935509977,0.5114383793282146,0.5116134771958868,0.0,0.0,1.0,1.0
18,space_only,0.0,0.0,0.0,32.0,0.0,32.0,-1024.0,spacelike,simultaneous,z,,-45.75153904838305,-45.70507495902796,-45.705775830354995,-45.751539048383066,0.04646408935509977,0.04576321802804012,0.511613477195887,0.5114383793282148,0.0,0.0,1.0,1.0
19,space_only,0.0,-64.0,0.0,0.0,0.0,64.0,-4096.0,spacelike,simultaneous,x,,-45.75153904838305,-45.56873696759433,-45.567156278589216,-45.751539048383066,0.1828020807887149,0.18438276979382034,0.5455491623272072,0.545941188459708,0.0,0.0,1.0,1.0
20,space_only,0.0,64.0,0.0,0.0,0.0,64.0,-4096.0,spacelike,simultaneous,x,,-45.75153904838305,-45.567156278589216,-45.56873696759433,-45.751539048383066,0.18438276979382018,0.1828020807887149,0.5459411884597078,0.5455491623272072,0.0,0.0,1.0,1.0
21,space_only,0.0,0.0,-64.0,0.0,0.0,64.0,-4096.0,spacelike,simultaneous,y,,-45.75153904838305,-45.5681826185125,-45.56792793379801,-45.751539048383066,0.1833564298705488,0.1836111145850226,0.5456909733575718,0.5457535955394395,0.0,0.0,1.0,1.0
22,space_only,0.0,0.0,64.0,0.0,0.0,64.0,-4096.0,spacelike,simultaneous,y,,-45.75153904838305,-45.56792793379801,-45.568182618512495,-45.751539048383066,0.183611114585022,0.18335642987054962,0.5457535955394393,0.545690973357572,0.0,0.0,1.0,1.0
23,space_only,0.0,0.0,0.0,-64.0,0.0,64.0,-4096.0,spacelike,simultaneous,z,,-45.75153904838305,-45.570328737391165,-45.568967536338235,-45.751539048383066,0.1812103109919015,0.1825715120448314,0.5451539966036547,0.5454907478299026,0.0,0.0,1.0,1.0
24,space_only,0.0,0.0,0.0,64.0,0.0,64.0,-4096.0,spacelike,simultaneous,z,,-45.75153904838305,-45.568967536338235,-45.570328737391165,-45.751539048383066,0.18257151204483096,0.18121031099190155,0.5454907478299025,0.5451539966036547,0.0,0.0,1.0,1.0
25,space_only,0.0,-128.0,0.0,0.0,0.0,128.0,-16384.0,spacelike,simultaneous,x,,-45.75153904838305,-45.05815382361562,-45.05511655136767,-45.75153904838306,0.6933852247674351,0.6964224970153967,0.6656516473824552,0.6663281332469211,0.0,0.0,1.0,1.0
26,space_only,0.0,128.0,0.0,0.0,0.0,128.0,-16384.0,spacelike,simultaneous,x,,-45.75153904838305,-45.05511655136767,-45.058153823615626,-45.751539048383066,0.6964224970153976,0.6933852247674354,0.6663281332469212,0.6656516473824551,0.0,0.0,1.0,1.0
27,space_only,0.0,0.0,-128.0,0.0,0.0,128.0,-16384.0,spacelike,simultaneous,y,,-45.75153904838305,-45.05765224947437,-45.057133647289795,-45.751539048383066,0.6938867989087036,0.6944054010932208,0.6659372698393012,0.6660412490914731,0.0,0.0,1.0,1.0
28,space_only,0.0,0.0,128.0,0.0,0.0,128.0,-16384.0,spacelike,simultaneous,y,,-45.75153904838305,-45.0571336472898,-45.05765224947437,-45.751539048383066,0.6944054010932204,0.6938867989087034,0.6660412490914729,0.6659372698393011,0.0,0.0,1.0,1.0
29,space_only,0.0,0.0,0.0,-128.0,0.0,128.0,-16384.0,spacelike,simultaneous,z,,-45.75153904838305,-45.06470865887576,-45.062295475543536,-45.751539048383066,0.6868303895072689,0.6892435728394936,0.6641629152043169,0.6646899849624271,0.0,0.0,1.0,1.0
30,space_only,0.0,0.0,0.0,128.0,0.0,128.0,-16384.0,spacelike,simultaneous,z,,-45.75153904838305,-45.062295475543536,-45.06470865887576,-45.751539048383066,0.689243572839494,0.6868303895072698,0.664689984962427,0.6641629152043168,0.0,0.0,1.0,1.0
31,space_only,0.0,-256.0,0.0,0.0,0.0,256.0,-65536.0,spacelike,simultaneous,x,,-45.75153904838305,-43.5193183971188,-43.51409315677838,-45.751539048383066,2.2322206512642624,2.2374458916046507,0.8947248094493772,0.8951977053443907,0.0,0.0,1.0,1.0
32,space_only,0.0,256.0,0.0,0.0,0.0,256.0,-65536.0,spacelike,simultaneous,x,,-45.75153904838305,-43.51409315677838,-43.5193183971188,-45.751539048383066,2.237445891604649,2.2322206512642624,0.8951977053443906,0.8947248094493772,0.0,0.0,1.0,1.0
33,space_only,0.0,0.0,-256.0,0.0,0.0,256.0,-65536.0,spacelike,simultaneous,y,,-45.75153904838305,-43.524417773513804,-43.52333255634836,-45.751539048383066,2.227121274869247,2.228206492034679,0.895052172311688,0.895124497152352,0.0,0.0,1.0,1.0
34,space_only,0.0,0.0,256.0,0.0,0.0,256.0,-65536.0,spacelike,simultaneous,y,,-45.75153904838305,-43.52333255634836,-43.524417773513804,-45.751539048383066,2.2282064920346785,2.227121274869247,0.8951244971523518,0.8950521723116878,0.0,0.0,1.0,1.0
35,space_only,0.0,0.0,0.0,-256.0,0.0,256.0,-65536.0,spacelike,simultaneous,z,,-45.75153904838305,-43.54613740444608,-43.543346438816016,-45.751539048383066,2.2054016439369772,2.208192609567034,0.8919357857243867,0.8922133846443591,0.0,0.0,1.0,1.0
36,space_only,0.0,0.0,0.0,256.0,0.0,256.0,-65536.0,spacelike,simultaneous,z,,-45.75153904838305,-43.543346438816016,-43.54613740444608,-45.751539048383066,2.2081926095670346,2.2054016439369772,0.8922133846443592,0.8919357857243867,0.0,0.0,1.0,1.0
37,time_only,-8.0,0.0,0.0,0.0,8.0,0.0,64.0,timelike,past,,,-45.75153904838305,-45.751445916346576,-45.751362266305335,-45.751539048383066,9.313203650546109e-05,0.00017678207773175192,0.5000232829887965,0.5000441955143754,0.4453125,0.4375,1.0,1.0
38,time_only,8.0,0.0,0.0,0.0,8.0,0.0,64.0,timelike,future,,,-45.75153904838305,-45.751362266305335,-45.751445916346576,-45.751539048383066,0.00017678207773130783,9.313203650490598e-05,0.5000441955143752,0.5000232829887964,0.4375,0.4453125,1.0,1.0
39,time_only,-16.0,0.0,0.0,0.0,16.0,0.0,256.0,timelike,past,,,-45.75153904838305,-45.751082650580976,-45.75091468608571,-45.751539048383066,0.0004563978020994397,0.0006243622973184371,0.5001140986476419,0.500156090545609,0.421875,0.4609375,1.0,1.0
40,time_only,16.0,0.0,0.0,0.0,16.0,0.0,256.0,timelike,future,,,-45.75153904838305,-45.75091468608571,-45.751082650580976,-45.751539048383066,0.0006243622973180485,0.00045639780209916214,0.5001560905456088,0.5001140986476418,0.4609375,0.421875,1.0,1.0
41,time_only,-32.0,0.0,0.0,0.0,32.0,0.0,1024.0,timelike,past,,,-45.75153904838305,-45.749539305969634,-45.749198044086604,-45.751539048383066,0.001999742413436034,0.002341004296433691,0.5004999015323917,0.500585244256733,0.421875,0.4453125,1.0,1.0
42,time_only,32.0,0.0,0.0,0.0,32.0,0.0,1024.0,timelike,future,,,-45.75153904838305,-45.749198044086604,-45.749539305969634,-45.751539048383066,0.0023410042964336353,0.0019997424134362007,0.5005852442567329,0.5004999015323919,0.4453125,0.421875,1.0,1.0
43,time_only,-64.0,0.0,0.0,0.0,64.0,0.0,4096.0,timelike,past,,,-45.75153904838305,-45.743077233390444,-45.742351479905984,-45.751539048383066,0.008461814992573424,0.009187568477066865,0.5021137414044845,0.5022960908477223,0.40625,0.4375,1.0,1.0
44,time_only,64.0,0.0,0.0,0.0,64.0,0.0,4096.0,timelike,future,,,-45.75153904838305,-45.742351479905984,-45.74307723339045,-45.751539048383066,0.009187568477066144,0.008461814992573036,0.5022960908477219,0.5021137414044844,0.4375,0.40625,1.0,1.0
45,time_only,-128.0,0.0,0.0,0.0,128.0,0.0,16384.0,timelike,past,,,-45.75153904838305,-45.71475521749232,-45.712939263302445,-45.751539048383066,0.036783830890730895,0.03859978508062806,0.5090888149257057,0.509570596787476,0.421875,0.4375,1.0,1.0
46,time_only,128.0,0.0,0.0,0.0,128.0,0.0,16384.0,timelike,future,,,-45.75153904838305,-45.712939263302445,-45.71475521749232,-45.751539048383066,0.038599785080628,0.03678383089073034,0.5095705967874762,0.5090888149257055,0.4375,0.421875,1.0,1.0
47,time_only,-256.0,0.0,0.0,0.0,256.0,0.0,65536.0,timelike,past,,,-45.75153904838305,-45.55879458183261,-45.551586318291605,-45.751539048383066,0.19274446655043592,0.19995273009145814,0.5390481613013776,0.5403508852669928,0.4296875,0.4453125,1.0,1.0
48,time_only,256.0,0.0,0.0,0.0,256.0,0.0,65536.0,timelike,future,,,-45.75153904838305,-45.55158631829161,-45.558794581832615,-45.75153904838306,0.19995273009145687,0.19274446655043664,0.5403508852669924,0.5390481613013774,0.4453125,0.4296875,1.0,1.0
49,mixed,-64.0,32.0,0.0,0.0,64.0,32.0,3072.0,timelike,past,x,0.5,-45.75153904838305,-45.696140046586315,-45.69621271653079,-45.751539048383066,0.0553990017967495,0.05532633185226582,0.5138249641098893,0.5138073188613843,0.265625,0.2734375,1.0,1.0
50,mixed,-64.0,0.0,32.0,0.0,64.0,32.0,3072.0,timelike,past,y,0.5,-45.75153904838305,-45.696497740298376,-45.69589869337825,-45.751539048383066,0.05504130808467406,0.05564035500482356,0.5137344408329078,0.5138854069123227,0.296875,0.296875,1.0,1.0
51,mixed,-64.0,0.0,0.0,32.0,64.0,32.0,3072.0,timelike,past,z,0.5,-45.75153904838305,-45.69661314403536,-45.69658826187792,-45.751539048383066,0.05492590434767436,0.05495078650510604,0.5137065748623874,0.5137150697544364,0.2890625,0.28125,1.0,1.0
52,mixed,-64.0,64.0,0.0,0.0,64.0,64.0,0.0,null,past,x,1.0,-45.75153904838305,-45.558694463596666,-45.55954939911725,-45.751539048383066,0.19284458478639416,0.19198964926578138,0.5479682880214066,0.5477516368403271,0.0078125,0.0078125,1.0,1.0
53,mixed,-64.0,0.0,64.0,0.0,64.0,64.0,0.0,null,past,y,1.0,-45.75153904838305,-45.55946611880547,-45.558995050035456,-45.751539048383066,0.19207292957759592,0.19254399834761493,0.5477709997748827,0.5478893002795334,0.0234375,0.015625,1.0,1.0
54,mixed,-64.0,0.0,0.0,64.0,64.0,64.0,0.0,null,past,z,1.0,-45.75153904838305,-45.56050572134563,-45.56114116891408,-45.751539048383066,0.19103332703740428,0.1903978794689679,0.5475175803669566,0.5473674392861255,0.0234375,0.0234375,1.0,1.0
55,mixed,-64.0,128.0,0.0,0.0,64.0,128.0,-12288.0,spacelike,past,x,2.0,-45.75153904838305,-45.04665473637509,-45.048966255138545,-45.751539048383066,0.7048843120079713,0.7025727932445016,0.6680600316853974,0.6674997993412903,0.0,0.0,1.0,1.0
56,mixed,-64.0,0.0,128.0,0.0,64.0,128.0,-12288.0,spacelike,past,y,2.0,-45.75153904838305,-45.04867183229727,-45.048464680997256,-45.751539048383066,0.7028672160857936,0.703074367385769,0.6676775136247245,0.6677232521926935,0.0,0.0,1.0,1.0
57,mixed,-64.0,0.0,0.0,128.0,64.0,128.0,-12288.0,spacelike,past,z,2.0,-45.75153904838305,-45.05383366055097,-45.05552109039871,-45.751539048383066,0.6977053878320678,0.6960179579843355,0.6664300964749393,0.6660888486411849,0.0,0.0,1.0,1.0
58,mixed,64.0,32.0,0.0,0.0,64.0,32.0,3072.0,timelike,future,x,0.5,-45.75153904838305,-45.69541429310185,-45.6969384700153,-45.751539048383066,0.0561247552812425,0.05460057836777282,0.5140069671230241,0.5136252914366207,0.2578125,0.2890625,1.0,1.0
59,mixed,64.0,0.0,32.0,0.0,64.0,32.0,3072.0,timelike,future,y,0.5,-45.75153904838305,-45.69577198681389,-45.69662444686274,-45.751539048383066,0.055767061569167053,0.05491460152033073,0.5139166515519293,0.5137031601866769,0.2890625,0.296875,1.0,1.0
60,mixed,64.0,0.0,0.0,32.0,64.0,32.0,3072.0,timelike,future,z,0.5,-45.75153904838305,-45.69588739055087,-45.69731401536245,-45.751539048383066,0.05565165783216697,0.05422503302061371,0.5138894029493832,0.5135322070039581,0.2734375,0.2890625,1.0,1.0
61,mixed,64.0,64.0,0.0,0.0,64.0,64.0,0.0,null,future,x,1.0,-45.75153904838305,-45.55796871011217,-45.56027515260177,-45.751539048383066,0.19357033827088638,0.19126389578128833,0.5481458394763687,0.5475735661401855,0.0078125,0.0078125,1.0,1.0
62,mixed,64.0,0.0,64.0,0.0,64.0,64.0,0.0,null,future,y,1.0,-45.75153904838305,-45.558740365320965,-45.55972080351993,-45.751539048383066,0.1927986830620883,0.19181824486312227,0.5479502106112271,0.5477097474642219,0.0234375,0.0234375,1.0,1.0
63,mixed,64.0,0.0,0.0,64.0,64.0,64.0,0.0,null,future,z,1.0,-45.75153904838305,-45.559779967861154,-45.561866922398586,-45.751539048383066,0.19175908052189766,0.18967212598447503,0.5477009096329899,0.5471841964141068,0.0234375,0.0234375,1.0,1.0
64,mixed,64.0,128.0,0.0,0.0,64.0,128.0,-12288.0,spacelike,future,x,2.0,-45.75153904838305,-45.045928982890544,-45.04969200862304,-45.751539048383066,0.7056100654924642,0.7018470397600085,0.6681885152332588,0.667367565902411,0.0,0.0,1.0,1.0
65,mixed,64.0,0.0,128.0,0.0,64.0,128.0,-12288.0,spacelike,future,y,2.0,-45.75153904838305,-45.04794607881278,-45.0491904344818,-45.751539048383066,0.7035929695702872,0.7023486139012765,0.6678195704343903,0.667579117815449,0.0,0.0,1.0,1.0
66,mixed,64.0,0.0,0.0,128.0,64.0,128.0,-12288.0,spacelike,future,z,2.0,-45.75153904838305,-45.05310790706651,-45.05624684388321,-45.751539048383066,0.6984311413165603,0.6952922044998425,0.6665998669964296,0.665919835350122,0.0,0.0,1.0,1.0
67,mixed,-128.0,64.0,0.0,0.0,128.0,64.0,12288.0,timelike,past,x,0.5,-45.75153904838305,-45.5303724476985,-45.530137182513705,-45.751539048383066,0.22116660068455057,0.22140186586934296,0.5536336425085091,0.5537082054570789,0.28125,0.2890625,1.0,1.0
68,mixed,-128.0,0.0,64.0,0.0,128.0,64.0,12288.0,timelike,past,y,0.5,-45.75153904838305,-45.5311441029073,-45.52958283343186,-45.751539048383066,0.22039494547575322,0.22195621495117662,0.553377490674306,0.5538072865480778,0.3125,0.3125,1.0,1.0
69,mixed,-128.0,0.0,0.0,64.0,128.0,64.0,12288.0,timelike,past,z,0.5,-45.75153904838305,-45.53218370544747,-45.5317289523105,-45.751539048383066,0.21935534293556164,0.21981009607252855,0.5531929639356185,0.5533789087134808,0.296875,0.3046875,1.0,1.0
70,mixed,-128.0,128.0,0.0,0.0,128.0,128.0,0.0,null,past,x,1.0,-45.75153904838305,-45.0183327204769,-45.019554038535,-45.751539048383066,0.7332063279061285,0.731985009848063,0.6704131482958455,0.670038112750038,0.0234375,0.0234375,1.0,1.0
71,mixed,-128.0,0.0,128.0,0.0,128.0,128.0,0.0,null,past,y,1.0,-45.75153904838305,-45.0203498163991,-45.0190524643937,-45.751539048383066,0.7311892319839505,0.7324865839893311,0.6697051870823796,0.6700459779406305,0.03125,0.0390625,1.0,1.0
72,mixed,-128.0,0.0,0.0,128.0,128.0,128.0,0.0,null,past,z,1.0,-45.75153904838305,-45.02551164465282,-45.02610887379516,-45.751539048383066,0.7260274037302243,0.7254301745878976,0.6688648157235072,0.6689085868823803,0.03125,0.03125,1.0,1.0
73,mixed,-128.0,256.0,0.0,0.0,128.0,256.0,-49152.0,spacelike,past,x,2.0,-45.75153904838305,-43.47730932588766,-43.480718612038174,-45.751539048383066,2.274229722495379,2.2708204363448923,0.895576421495078,0.8951070295988716,0.0,0.0,1.0,1.0
74,mixed,-128.0,0.0,256.0,0.0,128.0,256.0,-49152.0,spacelike,past,y,2.0,-45.75153904838305,-43.486548725457645,-43.48581798843318,-45.751539048383066,2.2649903229254096,2.265721059949875,0.8940866614788846,0.8941386777397248,0.0,0.0,1.0,1.0
75,mixed,-128.0,0.0,0.0,256.0,128.0,256.0,-49152.0,spacelike,past,z,2.0,-45.75153904838305,-43.506562607925304,-43.507537619365436,-45.751539048383066,2.2449764404577643,2.2440014290176054,0.8925651886692725,0.8925205401789152,0.0,0.0,1.0,1.0
76,mixed,128.0,64.0,0.0,0.0,128.0,64.0,12288.0,timelike,future,x,0.5,-45.75153904838305,-45.5285564935086,-45.53195313670361,-45.751539048383066,0.22298255487444785,0.21958591167944558,0.5541055088564988,0.5532362712836192,0.2734375,0.2890625,1.0,1.0
77,mixed,128.0,0.0,64.0,0.0,128.0,64.0,12288.0,timelike,future,y,0.5,-45.75153904838305,-45.52932814871741,-45.531398787621775,-45.751539048383066,0.22221089966564966,0.22014026076128002,0.5538570187502926,0.5533270887150193,0.3125,0.3046875,1.0,1.0
78,mixed,128.0,0.0,0.0,64.0,128.0,64.0,12288.0,timelike,future,z,0.5,-45.75153904838305,-45.53036775125758,-45.53354490650042,-45.751539048383066,0.22117129712545924,0.2179941418826325,0.5536919221490362,0.5528795668222348,0.3046875,0.296875,1.0,1.0
79,mixed,128.0,128.0,0.0,0.0,128.0,128.0,0.0,null,future,x,1.0,-45.75153904838305,-45.01651676628702,-45.02136999272489,-45.751539048383066,0.7350222820960253,0.7301690556581661,0.6707667174164017,0.6696784471213704,0.0234375,0.0390625,1.0,1.0
80,mixed,128.0,0.0,128.0,0.0,128.0,128.0,0.0,null,future,y,1.0,-45.75153904838305,-45.01853386220921,-45.02086841858361,-45.751539048383066,0.7330051861738478,0.7306706297994345,0.6701131859457894,0.6696327324913705,0.0390625,0.03125,1.0,1.0
81,mixed,128.0,0.0,0.0,128.0,128.0,128.0,0.0,null,future,z,1.0,-45.75153904838305,-45.02369569046294,-45.02792482798505,-45.751539048383066,0.7278433579201214,0.723614220398,0.6693550109684259,0.6684189949165721,0.03125,0.03125,1.0,1.0
82,mixed,128.0,256.0,0.0,0.0,128.0,256.0,-49152.0,spacelike,future,x,2.0,-45.75153904838305,-43.475493371697794,-43.48253456622806,-45.751539048383066,2.2760456766852766,2.2690044821549944,0.895627560093445,0.8950444760093844,0.0,0.0,1.0,1.0
83,mixed,128.0,0.0,256.0,0.0,128.0,256.0,-49152.0,spacelike,future,y,2.0,-45.75153904838305,-43.48473277126774,-43.48763394262309,-45.751539048383066,2.2668062771153052,2.263905105759979,0.8941959712623341,0.8940251342526927,0.0,0.0,1.0,1.0
84,mixed,128.0,0.0,0.0,256.0,128.0,256.0,-49152.0,spacelike,future,z,2.0,-45.75153904838305,-43.50474665373537,-43.50935357355534,-45.751539048383066,2.2467923946476627,2.242185474827708,0.8927159437111633,0.892372718127672,0.0,0.0,1.0,1.0
85,mixed,-256.0,128.0,0.0,0.0,256.0,128.0,49152.0,timelike,past,x,0.5,-45.75153904838305,-44.86237208481723,-44.85820109352414,-45.75153904838306,0.8891669635658348,0.8933379548588929,0.6406340512368794,0.6418388002479835,0.3125,0.328125,1.0,1.0
86,mixed,-256.0,0.0,128.0,0.0,256.0,128.0,49152.0,timelike,past,y,0.5,-45.75153904838305,-44.8643891807394,-44.85769951938291,-45.751539048383066,0.887149867643657,0.8938395290001613,0.6378649895917013,0.6399468812904641,0.34375,0.3359375,1.0,1.0
87,mixed,-256.0,0.0,0.0,128.0,256.0,128.0,49152.0,timelike,past,z,0.5,-45.75153904838305,-44.869551008993106,-44.86475592878432,-45.75153904838306,0.8819880393899304,0.8867831195987257,0.6380043992346339,0.6399242322202067,0.3203125,0.3125,1.0,1.0
88,mixed,-256.0,256.0,0.0,0.0,256.0,256.0,0.0,null,past,x,1.0,-45.75153904838305,-43.32134869022799,-43.31936566702732,-45.751539048383066,2.430190358155086,2.432173381355722,0.8203107386800391,0.8209468290478387,0.140625,0.140625,1.0,1.0
89,mixed,-256.0,0.0,256.0,0.0,256.0,256.0,0.0,null,past,y,1.0,-45.75153904838305,-43.33058808979792,-43.32446504342234,-45.751539048383066,2.420950958585114,2.4270740049607045,0.8199042454277321,0.8218759364771031,0.1015625,0.109375,1.0,1.0
90,mixed,-256.0,0.0,0.0,256.0,256.0,256.0,0.0,null,past,z,1.0,-45.75153904838305,-43.35060197226558,-43.34618467435462,-45.75153904838306,2.4009370761174713,2.405354374028434,0.8167532276063497,0.8190390586596966,0.125,0.1328125,1.0,1.0
91,mixed,-256.0,512.0,0.0,0.0,256.0,512.0,-196608.0,spacelike,past,x,2.0,-45.75153904838305,-41.47781100466404,-41.47691564510072,-45.75153904838306,4.273728043719009,4.27462340328231,0.9409762231883652,0.9406836780641777,0.0078125,0.015625,1.0,1.0
92,mixed,-256.0,0.0,512.0,0.0,256.0,512.0,-196608.0,spacelike,past,y,2.0,-45.75153904838305,-41.53079683460544,-41.52572033207921,-45.75153904838306,4.220742213777614,4.225818716303859,0.9383408224142298,0.9388146393394823,0.015625,0.015625,1.0,1.0
93,mixed,-256.0,0.0,0.0,512.0,256.0,512.0,-196608.0,spacelike,past,z,2.0,-45.75153904838305,-41.584183454967416,-41.57573172183722,-45.751539048383066,4.167355593415644,4.1758073265458115,0.9370315447204752,0.937354373089097,0.0234375,0.0234375,1.0,1.0
94,mixed,256.0,128.0,0.0,0.0,256.0,128.0,49152.0,timelike,future,x,0.5,-45.75153904838305,-44.85516382127619,-44.86540935706521,-45.75153904838306,0.896375227106855,0.8861296913178724,0.6426381461942283,0.6398459317817123,0.3125,0.3125,1.0,1.0
95,mixed,256.0,0.0,128.0,0.0,256.0,128.0,49152.0,timelike,future,y,0.5,-45.75153904838305,-44.85718091719836,-44.86490778292393,-45.75153904838306,0.8943581311846777,0.886631265459141,0.6398901070699122,0.6379125892005094,0.3359375,0.34375,1.0,1.0
96,mixed,256.0,0.0,0.0,128.0,256.0,128.0,49152.0,timelike,future,z,0.5,-45.75153904838305,-44.862342745452096,-44.87196419232533,-45.75153904838306,0.8891963029309509,0.8795748560577046,0.6402095149641908,0.6377347939665711,0.3125,0.328125,1.0,1.0
97,mixed,256.0,256.0,0.0,0.0,256.0,256.0,0.0,null,future,x,1.0,-45.75153904838305,-43.31414042668694,-43.326573930568365,-45.75153904838306,2.437398621696105,2.424965117814703,0.8217752701804723,0.8194714958779357,0.140625,0.140625,1.0,1.0
98,mixed,256.0,0.0,256.0,0.0,256.0,256.0,0.0,null,future,y,1.0,-45.75153904838305,-43.32337982625693,-43.33167330696336,-45.75153904838306,2.4281592221261357,2.419865741419684,0.8218771067448435,0.8198814005506025,0.109375,0.1015625,1.0,1.0
99,mixed,256.0,0.0,0.0,256.0,256.0,256.0,0.0,null,future,z,1.0,-45.75153904838305,-43.34339370872455,-43.35339293789565,-45.75153904838306,2.4081453396584918,2.3981461104874144,0.819067166207348,0.8167185400647539,0.1328125,0.125,1.0,1.0
100,mixed,256.0,512.0,0.0,0.0,256.0,512.0,-196608.0,spacelike,future,x,2.0,-45.75153904838305,-41.47060274112303,-41.484123908641756,-45.75153904838306,4.280936307260031,4.267415139741293,0.9409051846146308,0.9407389900162091,0.015625,0.0078125,1.0,1.0
101,mixed,256.0,0.0,512.0,0.0,256.0,512.0,-196608.0,spacelike,future,y,2.0,-45.75153904838305,-41.523588571064415,-41.532928595620206,-45.75153904838306,4.227950477318632,4.218610452762838,0.9388362308733093,0.9383059931733206,0.015625,0.015625,1.0,1.0
102,mixed,256.0,0.0,0.0,512.0,256.0,512.0,-196608.0,spacelike,future,z,2.0,-45.75153904838305,-41.5769751914264,-41.58293998537826,-45.75153904838306,4.1745638569566665,4.168599063004794,0.9374321939379724,0.9369433127630559,0.0234375,0.0234375,1.0,1.0
